Dataset,Query,Milliseconds,Average,"Confidence Interval (Min, Max)"
100,Query 1,8.19,8.186618487040201,"6.96, 9.41"
75,Query 1,8.41,8.406543731689453,"6.57, 10.24"
50,Query 1,8.18,8.17880630493164,"5.94, 10.42"
25,Query 1,6.68,6.6834290822347,"5.61, 7.75"
