Dataset,Query,Milliseconds,Average,"Confidence Interval (Min, Max)"
100,Query 4,335.72,335.7241948445638,"334.53, 336.92"
75,Query 4,260.58,260.5763991673787,"259.58, 261.58"
50,Query 4,172.68,172.68145879109701,"171.8, 173.56"
25,Query 4,88.5,88.50042819976807,"87.78, 89.22"
